{
  "drop": {
    "joint1": -0.5184855063055536,
    "joint2": -0.09664078963700229,
    "joint3": -0.15493205957665657,
    "joint4": -2.0694557179012918e-13,
    "gripper_left_joint": 0.002397220989360002
  },
  "pick": {
    "joint1": -1.7410681942504096,
    "joint2": 0.47860200582011325,
    "joint3": 0.415708793516802,
    "joint4": -0.8375535101857672,
    "gripper_left_joint": 0.01898387209375
  },
  "pick_pre": {
    "joint1": -1.739534213462524,
    "joint2": -0.1165825398795155,
    "joint3": 0.41724277430468737,
    "joint4": -0.8375535101857672,
    "gripper_left_joint": 0.01898387209375
  },
  "drop_pre": {
    "joint1": -0.358951504365447,
    "joint2": -0.5092816215782396,
    "joint3": -0.14572817484934264,
    "joint4": 0.05368932757579037,
    "gripper_left_joint": -0.0015863955351800019
  },
  "grab": {
    "joint1": -1.7410681942504096,
    "joint2": 0.4801359866079986,
    "joint3": 0.41724277430468737,
    "joint4": -0.8375535101857672,
    "gripper_left_joint": -0.0006521845803100015
  },
  "release": {
    "joint1": -0.5184855063055536,
    "joint2": -0.09357282806123113,
    "joint3": -0.16106798272819933,
    "joint4": -0.001533980788092748,
    "gripper_left_joint": 0.004759188309220001
  }
}